-- ═══════════════════════════════════════════════════════════════════════════
-- SEED: Лексикон 3 — 4Г клас, Училище по математика, 2025/2026
-- 15 деца, 15 въпроса, 2 анкети, 3 събития, peer messages
--
-- Run in Supabase → SQL Editor
-- ═══════════════════════════════════════════════════════════════════════════

DO $$
DECLARE
  mod_id uuid;
  cls    uuid;

  s01 uuid; s02 uuid; s03 uuid; s04 uuid; s05 uuid;
  s06 uuid; s07 uuid; s08 uuid; s09 uuid; s10 uuid;
  s11 uuid; s12 uuid; s13 uuid; s14 uuid; s15 uuid;

  -- 13 individual questions + 2 class_voice = 15
  q01 uuid; q02 uuid; q03 uuid; q04 uuid; q05 uuid;
  q06 uuid; q07 uuid; q08 uuid; q09 uuid; q10 uuid;
  q11 uuid; q12 uuid; q13 uuid; q14 uuid; q15 uuid;

  poll1 uuid; poll2 uuid;
  ev1   uuid; ev2   uuid; ev3 uuid;

BEGIN
  SELECT id INTO mod_id FROM auth.users ORDER BY created_at LIMIT 1;
  IF mod_id IS NULL THEN RAISE EXCEPTION 'No users found in auth.users.'; END IF;

  cls  := gen_random_uuid();
  s01 := gen_random_uuid(); s02 := gen_random_uuid(); s03 := gen_random_uuid();
  s04 := gen_random_uuid(); s05 := gen_random_uuid(); s06 := gen_random_uuid();
  s07 := gen_random_uuid(); s08 := gen_random_uuid(); s09 := gen_random_uuid();
  s10 := gen_random_uuid(); s11 := gen_random_uuid(); s12 := gen_random_uuid();
  s13 := gen_random_uuid(); s14 := gen_random_uuid(); s15 := gen_random_uuid();
  q01 := gen_random_uuid(); q02 := gen_random_uuid(); q03 := gen_random_uuid();
  q04 := gen_random_uuid(); q05 := gen_random_uuid(); q06 := gen_random_uuid();
  q07 := gen_random_uuid(); q08 := gen_random_uuid(); q09 := gen_random_uuid();
  q10 := gen_random_uuid(); q11 := gen_random_uuid(); q12 := gen_random_uuid();
  q13 := gen_random_uuid(); q14 := gen_random_uuid(); q15 := gen_random_uuid();
  poll1 := gen_random_uuid(); poll2 := gen_random_uuid();
  ev1   := gen_random_uuid(); ev2   := gen_random_uuid(); ev3 := gen_random_uuid();

  -- ── CLASS ────────────────────────────────────────────────────────────────
  INSERT INTO classes (id, moderator_id, name, school_year, status,
                       superhero_prompt, finalized_at, showcase_order)
  VALUES (cls, mod_id,
    '4Г — Училище по математика',
    '2025/2026',
    'published',
    'Числата са техният език, логиката — тяхното оръжие, а любопитството — тяхната суперсила. 4Г не просто решава задачи, те виждат красотата в тях.',
    now(), 3);

  -- ── STUDENTS ─────────────────────────────────────────────────────────────
  INSERT INTO students (id, class_id, first_name, last_name, invite_accepted_at) VALUES
    (s01, cls, 'Михаил',    'Атанасов',   now() - interval '30 days'),
    (s02, cls, 'Деница',    'Стефанова',  now() - interval '29 days'),
    (s03, cls, 'Боян',      'Илиев',      now() - interval '28 days'),
    (s04, cls, 'Петя',      'Христова',   now() - interval '27 days'),
    (s05, cls, 'Владимир',  'Димитров',   now() - interval '26 days'),
    (s06, cls, 'Силвия',    'Тодорова',   now() - interval '25 days'),
    (s07, cls, 'Огнян',     'Петров',     now() - interval '24 days'),
    (s08, cls, 'Красимира', 'Иванова',    now() - interval '23 days'),
    (s09, cls, 'Ивайло',    'Георгиев',   now() - interval '22 days'),
    (s10, cls, 'Таня',      'Николова',   now() - interval '21 days'),
    (s11, cls, 'Евгени',    'Стоянов',    now() - interval '20 days'),
    (s12, cls, 'Диляна',    'Маринова',   now() - interval '19 days'),
    (s13, cls, 'Любомир',   'Василев',    now() - interval '18 days'),
    (s14, cls, 'Биляна',    'Попова',     now() - interval '17 days'),
    (s15, cls, 'Стефан',    'Ангелов',    now() - interval '16 days');

  -- ── QUESTIONS (15) ───────────────────────────────────────────────────────
  -- 7 personal + 2 better_together + 1 superhero + 3 class_voice = 13 + 2 CV = 15 total
  INSERT INTO questions (id, class_id, text, type, is_system, allows_text, allows_media, order_index) VALUES
    (q01, cls, 'Кажи ни нещо за себе си — кой си ти?',               'personal',        false, true, false, 1),
    (q02, cls, 'Какво те прави щастлив/а?',                           'personal',        false, true, false, 2),
    (q03, cls, 'Ако беше животно, кое животно щеше да бъдеш и защо?','personal',        false, true, false, 3),
    (q04, cls, 'Какво правиш най-добре от всичко?',                   'personal',        false, true, false, 4),
    (q05, cls, 'Кое е любимото ти място в целия свят?',               'personal',        false, true, false, 5),
    (q06, cls, 'Какво искаш да станеш, когато пораснеш?',             'personal',        false, true, false, 6),
    (q07, cls, 'Какво е твоето училище за теб?',                      'personal',        false, true, false, 7),
    (q08, cls, 'Какво е нещото, което те прави специален/а в нашия клас?', 'better_together', false, true, false, 8),
    (q09, cls, 'Едно нещо, което искам да подобря в себе си следващата година', 'better_together', false, true, false, 9),
    (q10, cls, 'Едно нещо, което ценя най-много в нашия клас',        'better_together', false, true, false, 10),
    (q11, cls, 'Ако класната беше супергерой — какви сили би имала?', 'superhero',       false, true, false, 11),
    (q12, cls, 'Кое е нещото, което харесваш най-много в нашия клас?','class_voice',    false, true, false, 12),
    (q13, cls, 'Ако можеше да промениш едно нещо в класа, какво би направил/а?', 'class_voice', false, true, false, 13),
    -- Two extra unique questions specific to this math class
    (q14, cls, 'Кое математическо откритие или теорема те впечатлява най-много?', 'personal', false, true, false, 14),
    (q15, cls, 'Ако трябваше да обясниш математиката на извънземно, какво би казал/а?', 'personal', false, true, false, 15);

  -- ── ANSWERS (q01–q11 + q14–q15 per student, q12–q13 = class_voice) ──────

  -- q01 — Кажи ни нещо за себе си
  INSERT INTO answers (student_id, question_id, text_content, status) VALUES
    (s01, q01, 'Казвам се Михаил. Обичам математиката и програмирането. Вече знам основите на Python.', 'approved'),
    (s02, q01, 'Аз съм Деница. Обичам геометрията и оригами — двете неща са свързани повече, отколкото изглежда.', 'approved'),
    (s03, q01, 'Казвам се Боян. Обичам логическите пъзели и шаха. Мисля 3 хода напред.', 'approved'),
    (s04, q01, 'Аз съм Петя. Обичам биологията и математическото моделиране — искам да ги смесвам.', 'approved'),
    (s05, q01, 'Казвам се Владимир. Обичам физиката и изграждам роботи с Arduino.', 'approved'),
    (s06, q01, 'Аз съм Силвия. Обичам статистиката — обяснява всичко около нас с числа.', 'approved'),
    (s07, q01, 'Казвам се Огнян. Обичам теорията на числата и четене на биографии на математици.', 'approved'),
    (s08, q01, 'Аз съм Красимира. Обичам алгебрата и готвенето — рецептата е уравнение.', 'approved'),
    (s09, q01, 'Казвам се Ивайло. Обичам комбинаторика и стратегическите игри.', 'approved'),
    (s10, q01, 'Аз съм Таня. Обичам историята на математиката — Евклид, Архимед, Гаус.', 'approved'),
    (s11, q01, 'Казвам се Евгени. Обичам математическите игри и олимпиадите.', 'approved'),
    (s12, q01, 'Аз съм Диляна. Обичам геометрията и рисуването — чертежът е изкуство.', 'approved'),
    (s13, q01, 'Казвам се Любомир. Обичам вероятностите — всичко е въпрос на шанс и стратегия.', 'approved'),
    (s14, q01, 'Аз съм Биляна. Обичам логиката и дебатите — доказването е като мач.', 'approved'),
    (s15, q01, 'Казвам се Стефан. Обичам криптографията и тайните кодове.', 'approved');

  -- q02 — Какво те прави щастлив/а?
  INSERT INTO answers (student_id, question_id, text_content, status) VALUES
    (s01, q02, 'Щастлив съм когато написаният от мен код работи от първия опит.', 'approved'),
    (s02, q02, 'Щастлива ме прави когато геометрична фигура излезе идеална.', 'approved'),
    (s03, q02, 'Щастлив съм когато решим с класа труден пъзел заедно.', 'approved'),
    (s04, q02, 'Щастлива ме прави откритието на нова закономерност в природата.', 'approved'),
    (s05, q02, 'Щастлив съм когато роботът ми направи нещо, което не съм очаквал.', 'approved'),
    (s06, q02, 'Щастлива ме прави когато намеря сложна тенденция в данните.', 'approved'),
    (s07, q02, 'Щастлив съм когато прочета биография на математик и открия, че е имал грешки като мен.', 'approved'),
    (s08, q02, 'Щастлива ме прави когато ястието излезе точно по рецептата.', 'approved'),
    (s09, q02, 'Щастлив съм когато намеря неочакван изход от логически капан.', 'approved'),
    (s10, q02, 'Щастлива ме прави всяка нова история за живота на математиците.', 'approved'),
    (s11, q02, 'Щастлив съм когато спечеля олимпиада след дълга подготовка.', 'approved'),
    (s12, q02, 'Щастлива ме прави чертеж, в който всичко е точно и симетрично.', 'approved'),
    (s13, q02, 'Щастлив съм когато изчисля точно вероятността за нещо и то се случва.', 'approved'),
    (s14, q02, 'Щастлива ме прави спечеленият дебат с неопровержим аргумент.', 'approved'),
    (s15, q02, 'Щастлив съм когато дешифрирам стар код, който съм измислил.', 'approved');

  -- q03 — Ако беше животно
  INSERT INTO answers (student_id, question_id, text_content, status) VALUES
    (s01, q03, 'Бих бил паяк — изгражда сложни мрежи по математически принцип.', 'approved'),
    (s02, q03, 'Бих искала да съм пчела — живеят в идеална геометрична структура.', 'approved'),
    (s03, q03, 'Бих бил шимпанзе — използват инструменти и решават задачи.', 'approved'),
    (s04, q03, 'Бих искала да съм делфин — умни, социални и използват ехолокация.', 'approved'),
    (s05, q03, 'Бих бил орел — вижда далеч и планира полета математически.', 'approved'),
    (s06, q03, 'Бих искала да съм мравка — оптимизират маршрутите по алгоритъм.', 'approved'),
    (s07, q03, 'Бих бил врана — решават задачи от ниво 7-годишно дете.', 'approved'),
    (s08, q03, 'Бих искала да съм бобър — строи плотини по инженерни принципи.', 'approved'),
    (s09, q03, 'Бих бил октопод — независими неврони в осемте ръце, паралелно мислене.', 'approved'),
    (s10, q03, 'Бих искала да съм слон — помни всичко и живее дълго.', 'approved'),
    (s11, q03, 'Бих бил вълк — работи в екип по стратегия.', 'approved'),
    (s12, q03, 'Бих искала да съм паун — геометрични перки, красота в симетрията.', 'approved'),
    (s13, q03, 'Бих бил лисица — мисли бързо и адаптира стратегията.', 'approved'),
    (s14, q03, 'Бих искала да съм дива котка — независима, прецизна и бърза.', 'approved'),
    (s15, q03, 'Бих бил калмар — може да „комуникира" чрез светлинни модели.', 'approved');

  -- q04 — Какво правиш най-добре?
  INSERT INTO answers (student_id, question_id, text_content, status) VALUES
    (s01, q04, 'Програмирам — пиша алгоритми, които решават задачи автоматично.', 'approved'),
    (s02, q04, 'Рисувам геометрични фигури с компас и линийка с невероятна точност.', 'approved'),
    (s03, q04, 'Решавам логически пъзели — особено тези с много условия.', 'approved'),
    (s04, q04, 'Намирам модели в природни данни и ги свързвам с формули.', 'approved'),
    (s05, q04, 'Програмирам роботи и ги накарам да изпълняват сложни задачи.', 'approved'),
    (s06, q04, 'Анализирам данни и правя красиви графики от тях.', 'approved'),
    (s07, q04, 'Доказвам теореми стъпка по стъпка с формален запис.', 'approved'),
    (s08, q04, 'Намирам математика в готварски рецепти и я обяснявам на другите.', 'approved'),
    (s09, q04, 'Решавам комбинаторни задачи — намирам всички случаи бързо.', 'approved'),
    (s10, q04, 'Разказвам историята на математиката — знам кой, кога и защо е открил нещо.', 'approved'),
    (s11, q04, 'Участвам в олимпиади и ги подготвям систематично.', 'approved'),
    (s12, q04, 'Чертая прецизни геометрични конструкции.', 'approved'),
    (s13, q04, 'Изчислявам вероятности за реални ситуации.', 'approved'),
    (s14, q04, 'Конструирам логически аргументи и ги защитавам.', 'approved'),
    (s15, q04, 'Измислям и дешифрирам кодове.', 'approved');

  -- q05 — Любимото ти място
  INSERT INTO answers (student_id, question_id, text_content, status) VALUES
    (s01, q05, 'Компютърната зала — там се чувствам у дома.', 'approved'),
    (s02, q05, 'Музеят за математика в Прага — бях миналото лято, незабравимо.', 'approved'),
    (s03, q05, 'Шахматният клуб — там мисля ясно.', 'approved'),
    (s04, q05, 'Горите около града — намирам математически модели в природата.', 'approved'),
    (s05, q05, 'Лабораторията по роботика — моят втори дом.', 'approved'),
    (s06, q05, 'Библиотеката с раздела за статистика и икономика.', 'approved'),
    (s07, q05, 'Стаята ми, пълна с книги за математици и формули по стените.', 'approved'),
    (s08, q05, 'Кухнята — там математиката е вкусна.', 'approved'),
    (s09, q05, 'Планинската хижа — тишина и пъзели.', 'approved'),
    (s10, q05, 'Историческият архив — намирам оригинали на стари задачи.', 'approved'),
    (s11, q05, 'Залата за олимпиади — адреналинът е несравним.', 'approved'),
    (s12, q05, 'Ателието по архитектура, което посещавам в събота.', 'approved'),
    (s13, q05, 'Казиното в Монте Карло — само на теория, ама ще ида!', 'approved'),
    (s14, q05, 'Дискусионният клуб — там мнението ти трябва да е доказано.', 'approved'),
    (s15, q05, 'Стаята на баща ми — той е криптограф и ме учи на тайни.', 'approved');

  -- q06 — Какво искаш да станеш?
  INSERT INTO answers (student_id, question_id, text_content, status) VALUES
    (s01, q06, 'Искам да стана software engineer в компания, която прави AI.', 'approved'),
    (s02, q06, 'Искам да стана архитект — геометрията е в основата на всяка сграда.', 'approved'),
    (s03, q06, 'Искам да стана шахматен треньор и математик.', 'approved'),
    (s04, q06, 'Искам да стана биоматематик и да моделирам разпространение на болести.', 'approved'),
    (s05, q06, 'Искам да стана инженер по роботика.', 'approved'),
    (s06, q06, 'Искам да стана анализатор на данни или актюер.', 'approved'),
    (s07, q06, 'Искам да стана математик и да преподавам в университет.', 'approved'),
    (s08, q06, 'Искам да стана технологичен предприемач — стартиращ бизнес с данни.', 'approved'),
    (s09, q06, 'Искам да стана дизайнер на настолни игри с математически механики.', 'approved'),
    (s10, q06, 'Искам да стана историк на науката.', 'approved'),
    (s11, q06, 'Искам да стана олимпиаден треньор по математика.', 'approved'),
    (s12, q06, 'Искам да стана архитект или графичен дизайнер.', 'approved'),
    (s13, q06, 'Искам да стана финансов анализатор или теоретик на игрите.', 'approved'),
    (s14, q06, 'Искам да стана адвокат — логиката е основата на правото.', 'approved'),
    (s15, q06, 'Искам да стана криптограф и да работя за киберсигурност.', 'approved');

  -- q07 — Какво е твоето училище за теб?
  INSERT INTO answers (student_id, question_id, text_content, status) VALUES
    (s01, q07, 'Училището е лаборатория — тук тествам идеите си.', 'approved'),
    (s02, q07, 'Училището е чертожна дъска — всеки ден прибавяме нещо ново.', 'approved'),
    (s03, q07, 'Училището е шахматна дъска — всеки ход има последствия.', 'approved'),
    (s04, q07, 'Училището е природен резерват на идеи.', 'approved'),
    (s05, q07, 'Училището е работилница — тук строя бъдещето си.', 'approved'),
    (s06, q07, 'Училището е база данни — натрупвам знание структурирано.', 'approved'),
    (s07, q07, 'Училището е библиотека на открито — всеки учител е книга.', 'approved'),
    (s08, q07, 'Училището е рецепта — трябват правилните съставки в правилния ред.', 'approved'),
    (s09, q07, 'Училището е игра с правила, на които можем да влияем.', 'approved'),
    (s10, q07, 'Училището е времева машина — научавам миналото, за да разбера бъдещето.', 'approved'),
    (s11, q07, 'Училището е тренировъчен лагер — всеки ден ставам по-силен.', 'approved'),
    (s12, q07, 'Училището е архитектурен проект — изграждаме го заедно.', 'approved'),
    (s13, q07, 'Училището е голяма рискова игра — но с положително математическо очакване!', 'approved'),
    (s14, q07, 'Училището е арена за дебати — всяко мнение трябва да е защитено.', 'approved'),
    (s15, q07, 'Училището е шифъроустойчива система — трябва да намериш ключа.', 'approved');

  -- q08 — Какво те прави специален/а в класа?
  INSERT INTO answers (student_id, question_id, text_content, status) VALUES
    (s01, q08, 'Помагам на съучениците да автоматизират задачи с прости скриптове.', 'approved'),
    (s02, q08, 'Рисувам геометрични илюстрации за обясненията на учителя.', 'approved'),
    (s03, q08, 'Организирам логически турнири в класа.', 'approved'),
    (s04, q08, 'Намирам изненадващи връзки между математика и биология.', 'approved'),
    (s05, q08, 'Донасям роботи и ги показвам на класа.', 'approved'),
    (s06, q08, 'Анализирам резултатите ни от контролни и намирам кои теми трябва да повторим.', 'approved'),
    (s07, q08, 'Разказвам интересни истории за математиците зад формулите.', 'approved'),
    (s08, q08, 'Нося домашни ядки и лакомства изчислени по порции за всеки.', 'approved'),
    (s09, q08, 'Измислям игри с математически правила за почивките.', 'approved'),
    (s10, q08, 'Намирам исторически анекдоти за всяка тема, която учим.', 'approved'),
    (s11, q08, 'Мотивирам останалите когато олимпиадата е трудна.', 'approved'),
    (s12, q08, 'Правя красиви илюстрации за класните проекти.', 'approved'),
    (s13, q08, 'Изчислявам вероятности за ежедневни ситуации и всички се смеят и учат.', 'approved'),
    (s14, q08, 'Задавам провокиращи въпроси, от които дискусията се разпалва.', 'approved'),
    (s15, q08, 'Криптирам бележките между нас — само ние четем.', 'approved');

  -- q09 — Едно нещо, което искам да подобря
  INSERT INTO answers (student_id, question_id, text_content, status) VALUES
    (s01, q09, 'Искам да подобря устното обяснение на код — понякога само аз го разбирам.', 'approved'),
    (s02, q09, 'Искам да подобря скоростта си при изчисления в главата.', 'approved'),
    (s03, q09, 'Искам да подобря търпението — понякога бързам и пропускам детайли.', 'approved'),
    (s04, q09, 'Искам да уча по-системно, а не само когато ме грабне темата.', 'approved'),
    (s05, q09, 'Искам да научи повече теория зад практиката.', 'approved'),
    (s06, q09, 'Искам да стана по-добра в устни презентации.', 'approved'),
    (s07, q09, 'Искам да решавам задачи по-бързо — понякога губя точки от времето.', 'approved'),
    (s08, q09, 'Искам да подобря организацията на бележките си.', 'approved'),
    (s09, q09, 'Искам да уча по-последователно, не само любимите части.', 'approved'),
    (s10, q09, 'Искам да пиша по-ясно — ръкописът ми е труден за четене.', 'approved'),
    (s11, q09, 'Искам да се справям по-добре с напрежението по време на олимпиади.', 'approved'),
    (s12, q09, 'Искам да подобря алгебрата — геометрията ми е по-лесна.', 'approved'),
    (s13, q09, 'Искам да уча повече алгебра — залагам прекалено на вероятностите.', 'approved'),
    (s14, q09, 'Искам да се науча да слушам повече, не само да говоря.', 'approved'),
    (s15, q09, 'Искам да подобря скоростта на дешифриране.', 'approved');

  -- q10 — Едно нещо, което ценя в класа
  INSERT INTO answers (student_id, question_id, text_content, status) VALUES
    (s01, q10, 'Ценя, че всеки уважава логиката над авторитета.', 'approved'),
    (s02, q10, 'Ценя, че красотата на доказателството е важна, не само резултатът.', 'approved'),
    (s03, q10, 'Ценя, че дискутираме различни подходи без да се карат.', 'approved'),
    (s04, q10, 'Ценя, че учителят ни насърчава да намираме грешките в собствените си решения.', 'approved'),
    (s05, q10, 'Ценя, че практиката е равнопоставена с теорията.', 'approved'),
    (s06, q10, 'Ценя, че данните се уважават — не се спори без доказателства.', 'approved'),
    (s07, q10, 'Ценя интелектуалната честност — признаваме когато не знаем нещо.', 'approved'),
    (s08, q10, 'Ценя, че всеки може да предложи своя подход.', 'approved'),
    (s09, q10, 'Ценя игривостта — математиката не е скучна тук.', 'approved'),
    (s10, q10, 'Ценя, че историята на математиката се преподава с уважение.', 'approved'),
    (s11, q10, 'Ценя духа на съперничество без враждебност.', 'approved'),
    (s12, q10, 'Ценя, че естетиката се цени — хубаво написаното доказателство се хвали.', 'approved'),
    (s13, q10, 'Ценя, че хуморът е позволен — математиката може да е смешна.', 'approved'),
    (s14, q10, 'Ценя, че всеки аргумент може да бъде оспорен с контрааргумент.', 'approved'),
    (s15, q10, 'Ценя, че тайните са уважавани — шифровете ни са наши.', 'approved');

  -- q11 — Ако класната беше супергерой
  INSERT INTO answers (student_id, question_id, text_content, status) VALUES
    (s01, q11, 'Щеше да може да дебъгва реалността — намира грешките и ги поправя.', 'approved'),
    (s02, q11, 'Щеше да строи мостове от светлина — геометрично съвършени.', 'approved'),
    (s03, q11, 'Щеше да предвижда всеки ход на противника десет стъпки напред.', 'approved'),
    (s04, q11, 'Щеше да разбира езика на природата и да слуша какво казват данните.', 'approved'),
    (s05, q11, 'Щеше да програмира действителността — пише код и светът се изпълнява.', 'approved'),
    (s06, q11, 'Щеше да вижда модели в хаоса — в шума чува сигнала.', 'approved'),
    (s07, q11, 'Щеше да доказва или опровергава всеки аргумент за секунди.', 'approved'),
    (s08, q11, 'Щеше да изчислява точната рецепта за всяка ситуация.', 'approved'),
    (s09, q11, 'Щеше да брои всички възможности едновременно и да избира оптималното.', 'approved'),
    (s10, q11, 'Щеше да пътува в миналото и да учи при Евклид лично.', 'approved'),
    (s11, q11, 'Щеше да решава всяка олимпиадна задача за под минута.', 'approved'),
    (s12, q11, 'Щеше да строи невидими геометрични структури около нас.', 'approved'),
    (s13, q11, 'Щеше да изчислява вероятността на всяко зло и го неутрализира превантивно.', 'approved'),
    (s14, q11, 'Щеше да е неопровержима в дебат — никой не я побеждава с логика.', 'approved'),
    (s15, q11, 'Щеше да шифрова и дешифрира всяка тайна за миг.', 'approved');

  -- q14 — Кое математическо откритие те впечатлява?
  INSERT INTO answers (student_id, question_id, text_content, status) VALUES
    (s01, q14, 'Алгоритъмът на Евклид за НОД — прост, но невероятно елегантен.', 'approved'),
    (s02, q14, 'Теоремата на Питагор — красива, визуална и безкрайно полезна.', 'approved'),
    (s03, q14, 'Числото π — никога не свършва, никога не се повтаря.', 'approved'),
    (s04, q14, 'Числото на Фибоначи — появява се в черупките, цветята, навсякъде.', 'approved'),
    (s05, q14, 'Законите на Нютон — математиката описва физическия свят точно.', 'approved'),
    (s06, q14, 'Централната гранична теорема — обяснява защо нормалното разпределение е навсякъде.', 'approved'),
    (s07, q14, 'Последната теорема на Ферма — 358 години без доказателство!', 'approved'),
    (s08, q14, 'Теоремата на Байес — пресмята вероятности с нова информация.', 'approved'),
    (s09, q14, 'Принципът на включването-изключването — елегантен начин да броим без да повтаряме.', 'approved'),
    (s10, q14, 'Формулата на Ойлер e^(iπ)+1=0 — обединява 5-те най-важни константи.', 'approved'),
    (s11, q14, 'Теоремата на Гьодел за непълнотата — дори математиката има граници.', 'approved'),
    (s12, q14, 'Геометрията на Лобачевски — паралелните прави могат да се срещнат!', 'approved'),
    (s13, q14, 'Теоремата на Баyes — всяко ново доказателство трябва да промени мнението ти.', 'approved'),
    (s14, q14, 'Доказателството от противоречие — красота в логическата невъзможност.', 'approved'),
    (s15, q14, 'RSA криптографията — на теория за нея може да защити всяка тайна.', 'approved');

  -- q15 — Ако обясняваш математиката на извънземно
  INSERT INTO answers (student_id, question_id, text_content, status) VALUES
    (s01, q15, 'Бих му казал: "Математиката е езикът на Вселената — ако го знаеш, разбираш всичко."', 'approved'),
    (s02, q15, 'Бих нарисувал окръжност и квадрат и казал: "Така описваме формите без думи."', 'approved'),
    (s03, q15, 'Бих показал шах — "Ако разбираш правилата, можеш да предвидиш бъдещето."', 'approved'),
    (s04, q15, 'Бих казал: "Математиката е начинът, по който природата прави баланс."', 'approved'),
    (s05, q15, 'Бих показал как роботът следва алгоритъм — "Инструкции, точни като часовник."', 'approved'),
    (s06, q15, 'Бих дал данни от тяхната планета и ги помолил да намерят модела — те биха разбрали веднага.', 'approved'),
    (s07, q15, 'Бих казал: "Математиката е истината, доказана без съмнение."', 'approved'),
    (s08, q15, 'Бих ги нахранил и обяснил рецептата с числа — "Виждате ли? Всичко е математика."', 'approved'),
    (s09, q15, 'Бих ги помолил да намерят всички пътища между две точки — "Математиката брои всичко."', 'approved'),
    (s10, q15, 'Бих им разказал историята на математиката — тя е история на цивилизацията.', 'approved'),
    (s11, q15, 'Бих им дал олимпиадна задача — ако са умни, ще я решат сами и ще разберат.', 'approved'),
    (s12, q15, 'Бих нарисувал фракталите на Манделброт — "Вижте безкрайността в крайното."', 'approved'),
    (s13, q15, 'Бих им показал рулетка — "Дори хаосът следва математически закони."', 'approved'),
    (s14, q15, 'Бих им казал: "Математиката е единственият език, в който не можеш да лъжеш."', 'approved'),
    (s15, q15, 'Бих им изпратил криптирано послание — "Намерете ключа и ще разберете."', 'approved');

  -- ── CLASS VOICE ANSWERS (anonymous) ─────────────────────────────────────
  INSERT INTO class_voice_answers (class_id, question_id, content) VALUES
    (cls, q12, 'Харесвам, че задачите са трудни — скучно е, когато е лесно.'),
    (cls, q12, 'Харесвам часовете, когато учителят ни задава въпрос без отговор.'),
    (cls, q12, 'Харесвам, когато работим в екипи за решаване на задачи.'),
    (cls, q12, 'Харесвам, че математиката тук изглежда като приключение.'),
    (cls, q12, 'Харесвам олимпиадите — дават ми повод да се подготвям сериозно.'),
    (cls, q12, 'Харесвам, когато намерим различни решения на едни задача.'),
    (cls, q12, 'Харесвам историите за математиците — те са като герои.'),
    (cls, q12, 'Харесвам, че грешката не е срам тук.'),
    (cls, q12, 'Харесвам почивките с игри — математическото мислене продължава.'),
    (cls, q12, 'Харесвам, че сме смесица от различни силни страни — заедно сме по-умни.'),
    (cls, q13, 'Бих добавил повече задачи с реален живот — искам да виждам приложението.'),
    (cls, q13, 'Бих направил час по история на математиката всяка седмица.'),
    (cls, q13, 'Бих организирал повече турнири между класовете.'),
    (cls, q13, 'Бих добавил клуб по программиране след учебно.'),
    (cls, q13, 'Бих поканил математик от университета да ни разкаже за работата си.'),
    (cls, q13, 'Бих добавил повече демонстрации с роботи.'),
    (cls, q13, 'Бих намалил домашното — понякога е прекалено много.'),
    (cls, q13, 'Бих добавил проекти, в които сами избираме темата.'),
    (cls, q13, 'Бих организирал посещение в математическия факултет.'),
    (cls, q13, 'Бих добавил задачи с криптография — много интересни!');

  -- ── PEER MESSAGES ────────────────────────────────────────────────────────
  INSERT INTO peer_messages (recipient_student_id, author_student_id, content, status, moderated_at) VALUES
    (s01, s05, 'Михаил, помогна ми да разбера рекурсията с едно изречение. Гений!', 'approved', now()),
    (s01, s14, 'Михаил, кодът ти работи, а аз не мога да го прочета — ти от бъдещето ли си?', 'approved', now()),
    (s02, s12, 'Деница, чертежите ти са толкова прецизни, че учителят ги показва като пример.', 'approved', now()),
    (s03, s09, 'Боян, организира логически турнир и всички спечелихме — включително загубилите.', 'approved', now()),
    (s04, s06, 'Петя, откритието ти за числата на Фибоначи в листата беше невероятно!', 'approved', now()),
    (s05, s01, 'Владимир, роботът ти се поклони пред класа — смях и уважение едновременно!', 'approved', now()),
    (s06, s04, 'Силвия, графиките ти правят данните разбираеми за всички. Страхотно!', 'approved', now()),
    (s07, s10, 'Огнян, историята за Гаус, когато бил дете, ме накара да обичам математиката.', 'approved', now()),
    (s08, s07, 'Красимира, математическото ризото беше вкусно И образователно. Браво!', 'approved', now()),
    (s09, s03, 'Ивайло, намери 12 различни решения на задачата. Ние намерихме 3. Колко?!', 'approved', now()),
    (s10, s07, 'Таня, историята за Хипатия ме разплака. Благодаря, че я разказа.', 'approved', now()),
    (s11, s09, 'Евгени, когато губеш на турнира, се усмихваш и питаш какво трябва да научиш. Уважение.', 'approved', now()),
    (s12, s02, 'Диляна, архитектурният ти проект е красив. Ще стане страхотен архитект!', 'approved', now()),
    (s13, s11, 'Любомир, изчисли, че шансът ми да спечеля е 23%. Спечелих. Може би грешиш?!', 'approved', now()),
    (s14, s13, 'Биляна, спечели дебата с едно изречение. Как го правиш?', 'approved', now()),
    (s15, s14, 'Стефан, шифрованото послание за рождения ми ден ще го пазя завинаги.', 'approved', now()),
    (s04, s15, 'Петя, помогна ми да разбера Фибоначи и природата. Животът вече е по-красив.', 'approved', now()),
    (s08, s13, 'Красимира, изчисли точно колко ядки са нужни за всеки. Перфектна порция!', 'approved', now());

  -- ── EVENTS ────────────────────────────────────────────────────────────────
  INSERT INTO events (id, class_id, title, event_date, note, order_index) VALUES
    (ev1, cls, 'Математически турнир',
     '2025-11-14',
     '4Г участва в общоградски математически турнир. Евгени спечели първо място в категорията си. Отборът на класа зае второ място в командното класиране. Гордост за цялото училище.',
     1),
    (ev2, cls, 'Отборно състезание по математика',
     '2026-01-22',
     'Класът се раздели на четири отбора. Всеки отбор имаше 40 минути да реши 6 задачи. Отборът на „Простите числа" спечели, воден от Михаил, Боян и Стефан. Незабравим следобед.',
     2),
    (ev3, cls, 'Зелено училище',
     '2026-04-10',
     'Три дни в Родопите. Децата измерваха склоновете с ъгломер, изчисляваха дебита на рекичката и правеха статистика на птиците. Математиката излезе от класната стая в планината.',
     3);

  -- ── POLLS ─────────────────────────────────────────────────────────────────
  INSERT INTO class_polls (id, class_id, question, order_index) VALUES
    (poll1, cls, 'Геният на класа', 1),
    (poll2, cls, 'Душата на класа', 2);

  -- Poll 1 — Гений: Михаил (s01) и Огнян (s07) водят
  INSERT INTO class_poll_votes (poll_id, voter_student_id, nominee_student_id) VALUES
    (poll1, s01, s07), (poll1, s02, s01), (poll1, s03, s07),
    (poll1, s04, s01), (poll1, s05, s01), (poll1, s06, s01),
    (poll1, s07, s11), (poll1, s08, s01), (poll1, s09, s07),
    (poll1, s10, s07), (poll1, s11, s01), (poll1, s12, s01),
    (poll1, s13, s07), (poll1, s14, s01), (poll1, s15, s01);

  -- Poll 2 — Душа: Петя (s04) и Таня (s10) водят
  INSERT INTO class_poll_votes (poll_id, voter_student_id, nominee_student_id) VALUES
    (poll2, s01, s04), (poll2, s02, s10), (poll2, s03, s04),
    (poll2, s04, s10), (poll2, s05, s04), (poll2, s06, s04),
    (poll2, s07, s10), (poll2, s08, s04), (poll2, s09, s04),
    (poll2, s10, s04), (poll2, s11, s10), (poll2, s12, s04),
    (poll2, s13, s04), (poll2, s14, s10), (poll2, s15, s04);

END $$;
