-- ═══════════════════════════════════════════════════════════════════════════
-- SEED: Лексикон 2 — 3Б клас, Училище за таланти, 2023/2024
-- 15 деца, 6 въпроса, 2 анкети, 2 събития, peer messages
--
-- Run in Supabase → SQL Editor
-- ═══════════════════════════════════════════════════════════════════════════

DO $$
DECLARE
  mod_id  uuid;
  cls     uuid;

  s01 uuid; s02 uuid; s03 uuid; s04 uuid; s05 uuid;
  s06 uuid; s07 uuid; s08 uuid; s09 uuid; s10 uuid;
  s11 uuid; s12 uuid; s13 uuid; s14 uuid; s15 uuid;

  q01 uuid; q02 uuid; q03 uuid; q04 uuid; q05 uuid; q06 uuid;

  poll1 uuid; poll2 uuid;
  ev1   uuid; ev2   uuid;

BEGIN
  SELECT id INTO mod_id FROM auth.users ORDER BY created_at LIMIT 1;
  IF mod_id IS NULL THEN RAISE EXCEPTION 'No users found in auth.users.'; END IF;

  cls  := gen_random_uuid();
  s01 := gen_random_uuid(); s02 := gen_random_uuid(); s03 := gen_random_uuid();
  s04 := gen_random_uuid(); s05 := gen_random_uuid(); s06 := gen_random_uuid();
  s07 := gen_random_uuid(); s08 := gen_random_uuid(); s09 := gen_random_uuid();
  s10 := gen_random_uuid(); s11 := gen_random_uuid(); s12 := gen_random_uuid();
  s13 := gen_random_uuid(); s14 := gen_random_uuid(); s15 := gen_random_uuid();
  q01 := gen_random_uuid(); q02 := gen_random_uuid(); q03 := gen_random_uuid();
  q04 := gen_random_uuid(); q05 := gen_random_uuid(); q06 := gen_random_uuid();
  poll1 := gen_random_uuid(); poll2 := gen_random_uuid();
  ev1   := gen_random_uuid(); ev2   := gen_random_uuid();

  -- ── CLASS ────────────────────────────────────────────────────────────────
  INSERT INTO classes (id, moderator_id, name, school_year, status,
                       superhero_prompt, finalized_at, showcase_order)
  VALUES (cls, mod_id,
    '3Б — Училище за таланти',
    '2023/2024',
    'published',
    'Петнадесет различни таланта, обединени под един покрив. Едни рисуват, други свирят, трети танцуват — но всички заедно правят нещо невероятно.',
    now(), 2);

  -- ── STUDENTS ─────────────────────────────────────────────────────────────
  INSERT INTO students (id, class_id, first_name, last_name, invite_accepted_at) VALUES
    (s01, cls, 'Теодора',   'Александрова', now() - interval '45 days'),
    (s02, cls, 'Мартин',    'Стефанов',     now() - interval '44 days'),
    (s03, cls, 'Лора',      'Христова',     now() - interval '43 days'),
    (s04, cls, 'Калоян',    'Петков',       now() - interval '42 days'),
    (s05, cls, 'Надя',      'Димитрова',    now() - interval '41 days'),
    (s06, cls, 'Станислав', 'Иванов',       now() - interval '40 days'),
    (s07, cls, 'Мила',      'Тодорова',     now() - interval '39 days'),
    (s08, cls, 'Радослав',  'Георгиев',     now() - interval '38 days'),
    (s09, cls, 'Ясмина',    'Николова',     now() - interval '37 days'),
    (s10, cls, 'Кирил',     'Маринов',      now() - interval '36 days'),
    (s11, cls, 'Зорница',   'Стоянова',     now() - interval '35 days'),
    (s12, cls, 'Веселин',   'Попов',        now() - interval '34 days'),
    (s13, cls, 'Антония',   'Василева',     now() - interval '33 days'),
    (s14, cls, 'Емил',      'Ангелов',      now() - interval '32 days'),
    (s15, cls, 'Катерина',  'Бончева',      now() - interval '31 days');

  -- ── QUESTIONS (6) ────────────────────────────────────────────────────────
  INSERT INTO questions (id, class_id, text, type, is_system, allows_text, allows_media, order_index) VALUES
    (q01, cls, 'Кажи ни нещо за себе си — кой си ти?',               'personal',        false, true, false, 1),
    (q02, cls, 'Какво правиш най-добре от всичко?',                   'personal',        false, true, false, 2),
    (q03, cls, 'Какво искаш да станеш, когато пораснеш?',             'personal',        false, true, false, 3),
    (q04, cls, 'Какво е нещото, което те прави специален/а в нашия клас?', 'better_together', false, true, false, 4),
    (q05, cls, 'Ако класната беше супергерой — какви сили би имала?', 'superhero',       false, true, false, 5),
    (q06, cls, 'Едно нещо, което ценя най-много в нашия клас',        'better_together', false, true, false, 6);

  -- ── ANSWERS ──────────────────────────────────────────────────────────────

  -- q01 — Кажи ни нещо за себе си
  INSERT INTO answers (student_id, question_id, text_content, status) VALUES
    (s01, q01, 'Казвам се Теодора. Свиря на цигулка от 4-годишна и обичам романтичната музика.', 'approved'),
    (s02, q01, 'Аз съм Мартин. Обичам да рисувам комикси и мечтая да стана аниматор.', 'approved'),
    (s03, q01, 'Казвам се Лора. Танцувам народни танци и съм в детски ансамбъл.', 'approved'),
    (s04, q01, 'Аз съм Калоян. Играя шах и го обичам повече от всичко.', 'approved'),
    (s05, q01, 'Казвам се Надя. Обичам да правя бижута от мъниста и да ги даря на приятелките ми.', 'approved'),
    (s06, q01, 'Аз съм Станислав. Свиря на барабани и обичам рок музиката.', 'approved'),
    (s07, q01, 'Казвам се Мила. Обичам да пея и да участвам в театрални постановки.', 'approved'),
    (s08, q01, 'Аз съм Радослав. Обичам да снимам — имам собствен фотоапарат от рождения ми ден.', 'approved'),
    (s09, q01, 'Казвам се Ясмина. Рисувам портрети и хората казват, че са много точни.', 'approved'),
    (s10, q01, 'Аз съм Кирил. Обичам природата и правя наблюдения на птици с бинокъл.', 'approved'),
    (s11, q01, 'Казвам се Зорница. Пиша стихотворения — кратки, но от сърце.', 'approved'),
    (s12, q01, 'Аз съм Веселин. Обичам да готвя с баща ми — специализираме се в пасти.', 'approved'),
    (s13, q01, 'Казвам се Антония. Обичам математиката и оригами.', 'approved'),
    (s14, q01, 'Аз съм Емил. Карам скейтборд и участвам в местни събития.', 'approved'),
    (s15, q01, 'Казвам се Катерина. Обичам да чета фентъзи книги и да ги обсъждам с приятели.', 'approved');

  -- q02 — Какво правиш най-добре?
  INSERT INTO answers (student_id, question_id, text_content, status) VALUES
    (s01, q02, 'Свиря цигулка — мога да учи нова пиеса за два дни.', 'approved'),
    (s02, q02, 'Рисувам комикси — измислям героите, историята и диалозите сам.', 'approved'),
    (s03, q02, 'Танцувам народни танци — знам стъпките на пет различни хора.', 'approved'),
    (s04, q02, 'Играя шах — вече съм победил и десетокласник.', 'approved'),
    (s05, q02, 'Правя бижута — всяко е уникално и правя ги за специални поводи.', 'approved'),
    (s06, q02, 'Свиря барабани — чувствам ритъма с цялото тяло.', 'approved'),
    (s07, q02, 'Пея — уча се на солфеж и мога да чета ноти.', 'approved'),
    (s08, q02, 'Снимам — особено обичам портрети и природна фотография.', 'approved'),
    (s09, q02, 'Рисувам лица — улавям изражението на хората.', 'approved'),
    (s10, q02, 'Разпознавам птиците по пеенето им — знам над 30 вида.', 'approved'),
    (s11, q02, 'Пиша стихотворения — намирам думи, когато другите не могат.', 'approved'),
    (s12, q02, 'Готвя — вече мога да правя ризото без помощ.', 'approved'),
    (s13, q02, 'Сгъвам оригами — направил съм дракон от 300 части.', 'approved'),
    (s14, q02, 'Карам скейтборд — умея да правя олий и флип трик.', 'approved'),
    (s15, q02, 'Чета бързо и разбирам — прочитам книга за два дни.', 'approved');

  -- q03 — Какво искаш да станеш?
  INSERT INTO answers (student_id, question_id, text_content, status) VALUES
    (s01, q03, 'Искам да стана цигуларка в оркестър — или учителка по музика.', 'approved'),
    (s02, q03, 'Искам да стана аниматор в голямо студио като Pixar.', 'approved'),
    (s03, q03, 'Искам да стана хореограф и да водя свой ансамбъл.', 'approved'),
    (s04, q03, 'Искам да стана шахматен гросмайстор.', 'approved'),
    (s05, q03, 'Искам да стана дизайнер на бижута с ателие в центъра.', 'approved'),
    (s06, q03, 'Искам да свиря в рок банда — ударните са за мен.', 'approved'),
    (s07, q03, 'Искам да стана певица или театрален актьор.', 'approved'),
    (s08, q03, 'Искам да стана фотограф за National Geographic.', 'approved'),
    (s09, q03, 'Искам да стана художник и да правя изложби.', 'approved'),
    (s10, q03, 'Искам да стана орнитолог и да пазя природата.', 'approved'),
    (s11, q03, 'Искам да стана поет или редактор на книги.', 'approved'),
    (s12, q03, 'Искам да стана готвач — мечтая за собствен ресторант.', 'approved'),
    (s13, q03, 'Искам да стана математик или инженер по оригами (такива съществуват!).', 'approved'),
    (s14, q03, 'Искам да стана скейтборд инструктор и да уча деца.', 'approved'),
    (s15, q03, 'Искам да стана редактор или авторка на фентъзи романи.', 'approved');

  -- q04 — Какво те прави специален/а?
  INSERT INTO answers (student_id, question_id, text_content, status) VALUES
    (s01, q04, 'Свиря на класните прояви и всички се трогват.', 'approved'),
    (s02, q04, 'Правя комикси за съучениците ми — рисувам ги като герои.', 'approved'),
    (s03, q04, 'Уча класа на нови танцови стъпки по времето на почивка.', 'approved'),
    (s04, q04, 'Организирам шах турнири и всеки може да участва.', 'approved'),
    (s05, q04, 'Подарявам ръчно направени гривни на приятелите за рождения им ден.', 'approved'),
    (s06, q04, 'Правя барабанни изпълнения по всяка повърхност — дори по чина.', 'approved'),
    (s07, q04, 'Пея на рождените дни — правя ги незабравими.', 'approved'),
    (s08, q04, 'Снимам всички важни моменти и ги разпращам на класа.', 'approved'),
    (s09, q04, 'Рисувам портрети на всеки — като подарък.', 'approved'),
    (s10, q04, 'Разказвам за природата по начин, по който всеки иска да слуша.', 'approved'),
    (s11, q04, 'Пиша стихотворения за рождения ден на съучениците.', 'approved'),
    (s12, q04, 'Нося домашно приготвена храна и я споделям.', 'approved'),
    (s13, q04, 'Показвам оригами на всеки, който иска да научи.', 'approved'),
    (s14, q04, 'Уча съучениците на скейт трикове след час.', 'approved'),
    (s15, q04, 'Препоръчвам книги, когато някой иска да чете нещо хубаво.', 'approved');

  -- q05 — Ако класната беше супергерой
  INSERT INTO answers (student_id, question_id, text_content, status) VALUES
    (s01, q05, 'Щеше да има силата на музиката — с един акорд да успокои всяка буря.', 'approved'),
    (s02, q05, 'Щеше да рисува реалността — каквото нарисува, се случва.', 'approved'),
    (s03, q05, 'Щеше да танцува толкова бързо, че да е навсякъде едновременно.', 'approved'),
    (s04, q05, 'Щеше да предвижда ходовете на противника — три стъпки напред.', 'approved'),
    (s05, q05, 'Щеше да превръща всичко в красота с докосване.', 'approved'),
    (s06, q05, 'Щеше да удря барабани толкова силно, че врагът бяга.', 'approved'),
    (s07, q05, 'Щеше да пее заклинания, от които злото се стопява.', 'approved'),
    (s08, q05, 'Щеше да снима миналото — да разкрива истината с един кадър.', 'approved'),
    (s09, q05, 'Щеше да рисува щит от светлина около класа.', 'approved'),
    (s10, q05, 'Щеше да разбира езика на всички живи същества.', 'approved'),
    (s11, q05, 'Щеше да пише думи с толкова сила, че те да стават реални.', 'approved'),
    (s12, q05, 'Щеше да готви ястия, от които хората стават добри и щастливи.', 'approved'),
    (s13, q05, 'Щеше да сгъва пространството — стига от А до Б за секунди.', 'approved'),
    (s14, q05, 'Щеше да кара скейт по стените и таваните.', 'approved'),
    (s15, q05, 'Щеше да чете мислите на хората и да разбира всеки без думи.', 'approved');

  -- q06 — Едно нещо, което ценя в класа
  INSERT INTO answers (student_id, question_id, text_content, status) VALUES
    (s01, q06, 'Ценя, че всеки има своя талант и никой не е "по-добър".', 'approved'),
    (s02, q06, 'Ценя, че се смеем заедно на моите комикси.', 'approved'),
    (s03, q06, 'Ценя, че учителката ни насърчава да изразяваме себе си.', 'approved'),
    (s04, q06, 'Ценя, че дори когато губя на шах, не ме подиграват.', 'approved'),
    (s05, q06, 'Ценя, че всеки цени ръчния труд.', 'approved'),
    (s06, q06, 'Ценя, че музиката е важна в нашия клас.', 'approved'),
    (s07, q06, 'Ценя, че пеем заедно на всяко тържество.', 'approved'),
    (s08, q06, 'Ценя, че ми позволяват да снимам всичко.', 'approved'),
    (s09, q06, 'Ценя, че уважават изкуството.', 'approved'),
    (s10, q06, 'Ценя, че излизаме сред природата.', 'approved'),
    (s11, q06, 'Ценя, че думите са важни — слушат ме, когато чета.', 'approved'),
    (s12, q06, 'Ценя, че празнуваме с домашна храна.', 'approved'),
    (s13, q06, 'Ценя прецизността — правим нещата с внимание.', 'approved'),
    (s14, q06, 'Ценя, че уважаваме различните интереси.', 'approved'),
    (s15, q06, 'Ценя, че можем да говорим за книги и никой не се скучае.', 'approved');

  -- ── PEER MESSAGES ────────────────────────────────────────────────────────
  INSERT INTO peer_messages (recipient_student_id, author_student_id, content, status, moderated_at) VALUES
    (s01, s07, 'Теодора, когато свириш, времето спира. Истинска звезда!', 'approved', now()),
    (s01, s09, 'Теодора, нарисувала съм те с цигулката — ще ти подаря рисунката.', 'approved', now()),
    (s02, s15, 'Мартин, комиксът с мен като суперзвезда е най-хубавото нещо, което имам!', 'approved', now()),
    (s02, s04, 'Мартин, нарисувай ме като шахматен гросмайстор!', 'approved', now()),
    (s03, s07, 'Лора, танцовите ти стъпки са невероятни. Уча се от теб!', 'approved', now()),
    (s05, s01, 'Надя, гривната, която ми подари, я нося всеки ден.', 'approved', now()),
    (s06, s02, 'Станислав, барабаните ти правят сърцето ми да бие по-бързо!', 'approved', now()),
    (s07, s03, 'Мила, гласът ти е истинска магия. Пей по-често!', 'approved', now()),
    (s08, s11, 'Радослав, снимките ти от зеленото училище са толкова хубави. Благодаря!', 'approved', now()),
    (s09, s02, 'Ясмина, портретите ти са точни до последната черта. Ти си художник!', 'approved', now()),
    (s10, s13, 'Кирил, научи ме да разпознавам птиците — искам да бъда като теб.', 'approved', now()),
    (s11, s15, 'Зорница, стихотворението ти за пролетта ме разплака. Прекрасно е.', 'approved', now()),
    (s12, s06, 'Веселин, ризотото беше фантастично! Дай рецептата на мама.', 'approved', now()),
    (s13, s05, 'Антония, оригами дракона е шедьовър. Искам да ме научиш!', 'approved', now()),
    (s14, s10, 'Емил, скейтборд триковете ти изглеждат невъзможни — как го правиш?!', 'approved', now()),
    (s15, s11, 'Катерина, препоръча ми „Хари Потър" и сега съм луда по него. Благодаря!', 'approved', now()),
    (s04, s13, 'Калоян, победи ме на шах, но ме научи и нещо ново. Честна игра!', 'approved', now());

  -- ── EVENTS ────────────────────────────────────────────────────────────────
  INSERT INTO events (id, class_id, title, event_date, note, order_index) VALUES
    (ev1, cls, 'Благотворителен концерт',
     '2023-11-25',
     'Децата организираха концерт в полза на приют за животни. Теодора, Мила и Станислав се изявиха с музикални изпълнения. Събрахме средства за храна за един месец.',
     1),
    (ev2, cls, 'Театрално представление',
     '2024-03-15',
     'Класът постави „Малкият принц" пред цялото училище. Мила беше Малкият принц, Катерина — Лисицата. Мартин нарисува декорите. Представлението получи стоящи овации.',
     2);

  -- ── POLLS ─────────────────────────────────────────────────────────────────
  INSERT INTO class_polls (id, class_id, question, order_index) VALUES
    (poll1, cls, 'Бъдеща суперзвезда', 1),
    (poll2, cls, 'Винаги готов да помогне', 2);

  -- Poll 1 — Суперзвезда: Мила (s07) и Теодора (s01) водят
  INSERT INTO class_poll_votes (poll_id, voter_student_id, nominee_student_id) VALUES
    (poll1, s01, s07), (poll1, s02, s07), (poll1, s03, s01),
    (poll1, s04, s07), (poll1, s05, s01), (poll1, s06, s07),
    (poll1, s07, s01), (poll1, s08, s07), (poll1, s09, s07),
    (poll1, s10, s07), (poll1, s11, s01), (poll1, s12, s07),
    (poll1, s13, s07), (poll1, s14, s07), (poll1, s15, s01);

  -- Poll 2 — Помощник: Надя (s05) води
  INSERT INTO class_poll_votes (poll_id, voter_student_id, nominee_student_id) VALUES
    (poll2, s01, s05), (poll2, s02, s05), (poll2, s03, s05),
    (poll2, s04, s13), (poll2, s05, s12), (poll2, s06, s05),
    (poll2, s07, s05), (poll2, s08, s05), (poll2, s09, s05),
    (poll2, s10, s05), (poll2, s11, s05), (poll2, s12, s05),
    (poll2, s13, s05), (poll2, s14, s13), (poll2, s15, s05);

END $$;
