-- ═══════════════════════════════════════════════════════════════════════════
-- SEED: Лексикон 1 — 1А клас, Училище за страхотни деца, 2023/2024
-- 10 деца, 10 въпроса, 1 анкета, 2 събития, peer messages
--
-- Run in Supabase → SQL Editor
-- ═══════════════════════════════════════════════════════════════════════════

DO $$
DECLARE
  mod_id  uuid;

  cls     uuid;

  -- Students
  s01 uuid; s02 uuid; s03 uuid; s04 uuid; s05 uuid;
  s06 uuid; s07 uuid; s08 uuid; s09 uuid; s10 uuid;

  -- Questions (9 individual + 1 class_voice)
  q01 uuid; q02 uuid; q03 uuid; q04 uuid; q05 uuid;
  q06 uuid; q07 uuid; q08 uuid; q09 uuid; q10 uuid;

  -- Poll & events
  poll1 uuid;
  ev1   uuid;
  ev2   uuid;

BEGIN
  -- Pick first moderator in the system
  SELECT id INTO mod_id FROM auth.users ORDER BY created_at LIMIT 1;
  IF mod_id IS NULL THEN RAISE EXCEPTION 'No users found in auth.users. Register at least one moderator first.'; END IF;

  -- Generate UUIDs
  cls  := gen_random_uuid();
  s01  := gen_random_uuid(); s02 := gen_random_uuid(); s03 := gen_random_uuid();
  s04  := gen_random_uuid(); s05 := gen_random_uuid(); s06 := gen_random_uuid();
  s07  := gen_random_uuid(); s08 := gen_random_uuid(); s09 := gen_random_uuid();
  s10  := gen_random_uuid();
  q01  := gen_random_uuid(); q02 := gen_random_uuid(); q03 := gen_random_uuid();
  q04  := gen_random_uuid(); q05 := gen_random_uuid(); q06 := gen_random_uuid();
  q07  := gen_random_uuid(); q08 := gen_random_uuid(); q09 := gen_random_uuid();
  q10  := gen_random_uuid();
  poll1 := gen_random_uuid();
  ev1   := gen_random_uuid();
  ev2   := gen_random_uuid();

  -- ── CLASS ────────────────────────────────────────────────────────────────
  INSERT INTO classes (id, moderator_id, name, school_year, status,
                       superhero_prompt, finalized_at, showcase_order)
  VALUES (cls, mod_id,
    '1А — Училище за страхотни деца',
    '2023/2024',
    'published',
    'Едно малко слънце лети над класната стая и всяко дете свети с различна светлина — едно пее, друго рисува, трето строи замъци от Lego. Заедно те са непобедими.',
    now(), 1);

  -- ── STUDENTS ─────────────────────────────────────────────────────────────
  INSERT INTO students (id, class_id, first_name, last_name, invite_accepted_at) VALUES
    (s01, cls, 'Мария',      'Иванова',    now() - interval '60 days'),
    (s02, cls, 'Александър', 'Петров',     now() - interval '59 days'),
    (s03, cls, 'Николай',    'Димитров',   now() - interval '58 days'),
    (s04, cls, 'Елена',      'Георгиева',  now() - interval '57 days'),
    (s05, cls, 'Виктория',   'Стоянова',   now() - interval '56 days'),
    (s06, cls, 'Даниел',     'Тодоров',    now() - interval '55 days'),
    (s07, cls, 'Ирина',      'Николова',   now() - interval '54 days'),
    (s08, cls, 'Борис',      'Маринов',    now() - interval '53 days'),
    (s09, cls, 'Симона',     'Василева',   now() - interval '52 days'),
    (s10, cls, 'Христо',     'Попов',      now() - interval '51 days');

  -- ── QUESTIONS ────────────────────────────────────────────────────────────
  -- 6 personal + 2 better_together + 1 superhero + 1 class_voice = 10
  INSERT INTO questions (id, class_id, text, type, is_system, allows_text, allows_media, order_index) VALUES
    (q01, cls, 'Кажи ни нещо за себе си — кой си ти?',               'personal',       false, true, false, 1),
    (q02, cls, 'Какво те прави щастлив/а?',                           'personal',       false, true, false, 2),
    (q03, cls, 'Ако беше животно, кое животно щеше да бъдеш и защо?','personal',       false, true, false, 3),
    (q04, cls, 'Какво правиш най-добре от всичко?',                   'personal',       false, true, false, 4),
    (q05, cls, 'Кое е любимото ти място в целия свят?',               'personal',       false, true, false, 5),
    (q06, cls, 'Какво искаш да станеш, когато пораснеш?',             'personal',       false, true, false, 6),
    (q07, cls, 'Какво е нещото, което те прави специален/а в нашия клас?', 'better_together', false, true, false, 7),
    (q08, cls, 'Едно нещо, което ценя най-много в нашия клас',        'better_together',false, true, false, 8),
    (q09, cls, 'Ако класната беше супергерой — какви сили би имала?', 'superhero',      false, true, false, 9),
    (q10, cls, 'Кое е нещото, което харесваш най-много в нашия клас?','class_voice',   false, true, false, 10);

  -- ── ANSWERS (q01–q09 per student, status = approved) ────────────────────

  -- q01 — Кажи ни нещо за себе си
  INSERT INTO answers (student_id, question_id, text_content, status) VALUES
    (s01, q01, 'Казвам се Мария и обичам да рисувам. Имам котка на име Мими и куче на име Шаро. Любимият ми цвят е розов.', 'approved'),
    (s02, q01, 'Аз съм Александър и съм луд по футбола. Играя за детски отбор и мечтая да стана голям спортист.', 'approved'),
    (s03, q01, 'Казвам се Николай. Обичам да строя с Lego и да играя компютърни игри. Имам по-малка сестра.', 'approved'),
    (s04, q01, 'Аз съм Елена! Обичам да пея и да танцувам. Всяка събота ходя на балет.', 'approved'),
    (s05, q01, 'Казвам се Виктория. Обичам книгите и животните. У дома имам аквариум с рибки.', 'approved'),
    (s06, q01, 'Аз съм Даниел. Обичам да карам колело и да строя кули от пясък на морето.', 'approved'),
    (s07, q01, 'Казвам се Ирина. Обичам да рисувам и да правя сладкиши с мама.', 'approved'),
    (s08, q01, 'Аз съм Борис. Интересувам се от динозаври и космоса. Знам имената на всички планети.', 'approved'),
    (s09, q01, 'Казвам се Симона. Обичам да пиша кратки истории и да ги чета на бабата.', 'approved'),
    (s10, q01, 'Аз съм Христо. Обичам математиката и шаха. Вече знам как работи рокадата.', 'approved');

  -- q02 — Какво те прави щастлив/а?
  INSERT INTO answers (student_id, question_id, text_content, status) VALUES
    (s01, q02, 'Щастлива ме прави, когато рисувам нещо красиво и мама го залепя на хладилника.', 'approved'),
    (s02, q02, 'Щастлив съм, когато отборът ни спечели мач и всички се прегърнем.', 'approved'),
    (s03, q02, 'Щастлив съм, когато завърша голяма Lego конструкция сам.', 'approved'),
    (s04, q02, 'Щастлива ме прави музиката — когато пея, сякаш летя.', 'approved'),
    (s05, q02, 'Щастлива ме правят животните. Обичам да ги гледам и погалвам.', 'approved'),
    (s06, q02, 'Щастлив съм на морето с татко и мама — без телефони, само ние.', 'approved'),
    (s07, q02, 'Щастлива ме правят сладкишите с мама и хубавите книги.', 'approved'),
    (s08, q02, 'Щастлив съм, когато гледам документален филм за динозаврите.', 'approved'),
    (s09, q02, 'Щастлива ме прави, когато историите ми карат хората да се смеят.', 'approved'),
    (s10, q02, 'Щастлив съм, когато реша трудна задача, която другите не могат.', 'approved');

  -- q03 — Ако беше животно
  INSERT INTO answers (student_id, question_id, text_content, status) VALUES
    (s01, q03, 'Бих искала да съм пеперуда — летя накъдето искам и съм красива.', 'approved'),
    (s02, q03, 'Бих бил лъв — силен, смел и обичан от всички в стадото.', 'approved'),
    (s03, q03, 'Бих бил октопод — имам осем ръце и мога да строя с всички наведнъж.', 'approved'),
    (s04, q03, 'Бих искала да съм лебед — красив и грациозен.', 'approved'),
    (s05, q03, 'Бих искала да съм делфин — умен, игрив и обичан от всички.', 'approved'),
    (s06, q03, 'Бих бил орел — летя над планините и виждам всичко.', 'approved'),
    (s07, q03, 'Бих искала да съм котка — мека, независима и обичана.', 'approved'),
    (s08, q03, 'Бих бил тиранозавър — най-готиното животно изобщо!', 'approved'),
    (s09, q03, 'Бих искала да съм сова — мъдра и будна нощем да чета.', 'approved'),
    (s10, q03, 'Бих бил шимпанзе — умни са и умеят да решават задачи.', 'approved');

  -- q04 — Какво правиш най-добре?
  INSERT INTO answers (student_id, question_id, text_content, status) VALUES
    (s01, q04, 'Рисувам най-добре. Учителката казва, че имам дар.', 'approved'),
    (s02, q04, 'Играя футбол най-добре. Вкарвам голове дори с левия крак.', 'approved'),
    (s03, q04, 'Строя конструкции. Можи да строя без инструкции.', 'approved'),
    (s04, q04, 'Пея. Знам много песни наизуст.', 'approved'),
    (s05, q04, 'Чета. Чета по-бързо от всички в класа.', 'approved'),
    (s06, q04, 'Карам колело без ръце. Много се тренирах.', 'approved'),
    (s07, q04, 'Правя кексчета. Слагам им цветна глазура.', 'approved'),
    (s08, q04, 'Разказвам факти за динозаврите. Знам ги наизуст.', 'approved'),
    (s09, q04, 'Пиша истории. Измислям ги сама.', 'approved'),
    (s10, q04, 'Решавам математически задачи. Обичам числата.', 'approved');

  -- q05 — Любимото ти място
  INSERT INTO answers (student_id, question_id, text_content, status) VALUES
    (s01, q05, 'Любимото ми място е стаята ми, където рисувам и слушам музика.', 'approved'),
    (s02, q05, 'Любимото ми място е футболното игрище до нас — там съм всяка вечер.', 'approved'),
    (s03, q05, 'Любимото ми място е детската стая с Lego-то. Там съм щастлив.', 'approved'),
    (s04, q05, 'Любимото ми място е сцената в читалището — там се чувствам като звезда.', 'approved'),
    (s05, q05, 'Любимото ми място е библиотеката — мирише на книги и е тихо.', 'approved'),
    (s06, q05, 'Любимото ми място е морето — плажа на Созопол.', 'approved'),
    (s07, q05, 'Любимото ми място е кухнята на баба — там е топло и мирише на баница.', 'approved'),
    (s08, q05, 'Любимото ми място е Природонаучният музей. Там са динозаврите.', 'approved'),
    (s09, q05, 'Любимото ми място е градинската пейка под дървото, където пиша.', 'approved'),
    (s10, q05, 'Любимото ми място е шахматният клуб — там мисля и се уча.', 'approved');

  -- q06 — Какво искаш да станеш?
  INSERT INTO answers (student_id, question_id, text_content, status) VALUES
    (s01, q06, 'Искам да стана художничка и да правя красиви картини за музеи.', 'approved'),
    (s02, q06, 'Искам да стана футболист и да играя на световно първенство.', 'approved'),
    (s03, q06, 'Искам да стана инженер и да строя роботи.', 'approved'),
    (s04, q06, 'Искам да стана оперна певица или балетист.', 'approved'),
    (s05, q06, 'Искам да стана ветеринарен лекар и да лекувам животни.', 'approved'),
    (s06, q06, 'Искам да стана пилот и да летя по целия свят.', 'approved'),
    (s07, q06, 'Искам да стана сладкарка и да отворя магазин за торти.', 'approved'),
    (s08, q06, 'Искам да стана палеонтолог и да откривам нови видове динозаври.', 'approved'),
    (s09, q06, 'Искам да стана писател — да пиша книги за деца.', 'approved'),
    (s10, q06, 'Искам да стана математик или шахматен гросмайстор.', 'approved');

  -- q07 — Какво те прави специален/а в класа?
  INSERT INTO answers (student_id, question_id, text_content, status) VALUES
    (s01, q07, 'Рисувам картинки за рождените дни на приятелите ми.', 'approved'),
    (s02, q07, 'Винаги подбодрявам другите, когато им е трудно.', 'approved'),
    (s03, q07, 'Помагам на съучениците да разберат задачите.', 'approved'),
    (s04, q07, 'Пея на всички прояви и правя класа известен.', 'approved'),
    (s05, q07, 'Чета на глас много изразително — учителката ме хвали.', 'approved'),
    (s06, q07, 'Умея да разсмивам всички, дори в трудни моменти.', 'approved'),
    (s07, q07, 'Нося кексчета за рожденните дни на приятелите.', 'approved'),
    (s08, q07, 'Разказвам интересни факти и всички слушат.', 'approved'),
    (s09, q07, 'Измислям истории и ги разказвам по времето на междучасие.', 'approved'),
    (s10, q07, 'Помагам на съучениците с математиката.', 'approved');

  -- q08 — Едно нещо, което ценя в класа
  INSERT INTO answers (student_id, question_id, text_content, status) VALUES
    (s01, q08, 'Ценя, че се смеем заедно и никой не се обижда.', 'approved'),
    (s02, q08, 'Ценя, че имаме добра учителка, която ни разбира.', 'approved'),
    (s03, q08, 'Ценя, че всеки е различен — така е по-интересно.', 'approved'),
    (s04, q08, 'Ценя, че пеем заедно на всяка проява.', 'approved'),
    (s05, q08, 'Ценя тишината при четене — уважаваме се.', 'approved'),
    (s06, q08, 'Ценя, че се помагаме един на друг.', 'approved'),
    (s07, q08, 'Ценя, че честваме рождените дни заедно.', 'approved'),
    (s08, q08, 'Ценя, че всеки може да разказва за нещото, което обича.', 'approved'),
    (s09, q08, 'Ценя, че слушаме историите ми — не всеки клас прави това.', 'approved'),
    (s10, q08, 'Ценя, че спорим за задачите, но без злоба.', 'approved');

  -- q09 — Ако класната беше супергерой
  INSERT INTO answers (student_id, question_id, text_content, status) VALUES
    (s01, q09, 'Щеше да има сила да рисува с мисълта си и светът щеше да е по-красив.', 'approved'),
    (s02, q09, 'Щеше да е като Капитан Америка — справедлив и защитава всички.', 'approved'),
    (s03, q09, 'Щеше да може да строи сгради с ръцете си за секунди.', 'approved'),
    (s04, q09, 'Щеше да пее толкова красиво, че злото се разтопява.', 'approved'),
    (s05, q09, 'Щеше да разбира езика на животните и да ги спасява.', 'approved'),
    (s06, q09, 'Щеше да лети и да спасява деца по целия свят.', 'approved'),
    (s07, q09, 'Щеше да прави магически сладкиши, от които всички стават добри.', 'approved'),
    (s08, q09, 'Щеше да може да пътува назад във времето и да вижда динозаврите.', 'approved'),
    (s09, q09, 'Щеше да пише заклинания — думите биха я правили непобедима.', 'approved'),
    (s10, q09, 'Щеше да решава всеки проблем с математика — точно и без грешка.', 'approved');

  -- ── CLASS VOICE ANSWERS (anonymous) ─────────────────────────────────────
  INSERT INTO class_voice_answers (class_id, question_id, content) VALUES
    (cls, q10, 'Харесвам, че се смеем много — класната е смешна по добрия начин.'),
    (cls, q10, 'Харесвам часовете по рисуване — там съм себе си.'),
    (cls, q10, 'Харесвам, когато четем на глас и всеки прави различен глас.'),
    (cls, q10, 'Харесвам паузите — играем заедно, не само седим.'),
    (cls, q10, 'Харесвам, че учителката помни рождения ни ден.'),
    (cls, q10, 'Харесвам когато си помагаме при диктовките.'),
    (cls, q10, 'Харесвам пролетния излет — очаквам го цяла година.'),
    (cls, q10, 'Харесвам, че имаме кът с книги и можем да четем след час.'),
    (cls, q10, 'Харесвам, че никой не се присмива, когато сгрешиш.'),
    (cls, q10, 'Харесвам, че всеки може да разкаже нещо за себе си.');

  -- ── PEER MESSAGES ─────────────────────────────────────────────────────────
  INSERT INTO peer_messages (recipient_student_id, author_student_id, content, status, moderated_at) VALUES
    (s01, s02, 'Мария, картините ти са толкова красиви! Можеш ли да нарисуваш и мен?', 'approved', now()),
    (s01, s07, 'Мария, ти си най-добрата ми приятелка в класа. Обичам те много!', 'approved', now()),
    (s02, s03, 'Александър, ти си страхотен футболист. Когато пораснеш ще те гледам по телевизията!', 'approved', now()),
    (s02, s10, 'Алекс, подбодряваш ни на мача — с теб винаги вярваме, че можем.', 'approved', now()),
    (s03, s08, 'Николай, ти знаеш всичко за динозаврите и роботите. Искам да съм като теб.', 'approved', now()),
    (s04, s01, 'Елена, гласът ти е като ангелски. Не спирай да пееш!', 'approved', now()),
    (s04, s05, 'Елена, ти правиш всяка проява по-красива. Горда съм, че сме в един клас.', 'approved', now()),
    (s05, s09, 'Виктория, обичам историите, които пишеш. Кога ще напишеш книга?', 'approved', now()),
    (s06, s04, 'Даниел, ти ни разсмиваш дори когато сме тъжни. Много ценно е това.', 'approved', now()),
    (s07, s01, 'Ирина, кексчетата ти са вкусни! Ти си готвач-вълшебник.', 'approved', now()),
    (s08, s03, 'Борис, знаеш толкова много факти! Всеки път се учим нещо ново от теб.', 'approved', now()),
    (s09, s07, 'Симона, историите ти ни карат да мечтаем. Продължавай да пишеш!', 'approved', now()),
    (s10, s02, 'Христо, с теб математиката изглежда лесна. Благодаря, че ми помагаш!', 'approved', now()),
    (s03, s06, 'Николай, ти си мозъкът на класа. Всички те уважаваме.', 'approved', now()),
    (s06, s10, 'Даниел, умееш да разведряваш всяка ситуация — истински клоун (по добрия начин!)', 'approved', now());

  -- ── EVENTS ────────────────────────────────────────────────────────────────
  INSERT INTO events (id, class_id, title, event_date, note, order_index) VALUES
    (ev1, cls, 'Коледен концерт',
     '2023-12-20',
     'Децата изпяха три коледни песни пред родителите. Елена и Мария получиха специални аплодисменти. Класната стая беше украсена с ръчно направени звезди.',
     1),
    (ev2, cls, 'Зелено училище',
     '2024-04-18',
     'Три дни в планината — Рила. Децата се учиха как работи природата, правиха наблюдения на птици и направиха хербарий. Незабравимо приключение!',
     2);

  -- ── POLL: Спортистът на класа ─────────────────────────────────────────────
  INSERT INTO class_polls (id, class_id, question, order_index) VALUES
    (poll1, cls, 'Спортистът на класа', 1);

  -- Votes: 10 students vote, majority vote for Александър (s02), a few for Даниел (s06)
  INSERT INTO class_poll_votes (poll_id, voter_student_id, nominee_student_id) VALUES
    (poll1, s01, s02),
    (poll1, s02, s06),
    (poll1, s03, s02),
    (poll1, s04, s02),
    (poll1, s05, s02),
    (poll1, s06, s02),
    (poll1, s07, s02),
    (poll1, s08, s06),
    (poll1, s09, s02),
    (poll1, s10, s02);

END $$;
